[
  { "name": "Apple Inc", "id": "AAPL" },
  { "name": "Microsoft Corp", "id": "MSFT" },
  { "name": "Amazon.com Inc", "id": "AMZN" },
  { "name": "Tesla Inc", "id": "TSLA" },
  { "name": "NVIDIA Corp", "id": "NVDA" },
  { "name": "Alphabet Inc", "id": "GOOG" },
  { "name": "Alphabet Inc", "id": "GOOGL" },
  { "name": "Meta Platforms Inc", "id": "FB" },
  { "name": "Broadcom Inc", "id": "AVGO" },
  { "name": "Costco Wholesale Corp", "id": "COST" },
  { "name": "PepsiCo Inc", "id": "PEP" },
  { "name": "Cisco Systems Inc", "id": "CSCO" },
  { "name": "Adobe Inc", "id": "ADBE" },
  { "name": "Comcast Corp", "id": "CMCSA" },
  { "name": "Intel Corp", "id": "INTC" },
  { "name": "Advanced Micro Devices Inc", "id": "AMD" },
  { "name": "QUALCOMM Inc", "id": "QCOM" },
  { "name": "Texas Instruments Inc", "id": "TXN" },
  { "name": "Netflix Inc", "id": "NFLX" },
  { "name": "T-Mobile US Inc", "id": "TMUS" },
  { "name": "PayPal Holdings Inc", "id": "PYPL" },
  { "name": "Intuit Inc", "id": "INTU" },
  { "name": "Honeywell International Inc", "id": "HON" },
  { "name": "Amgen Inc", "id": "AMGN" },
  { "name": "Applied Materials Inc", "id": "AMAT" },
  { "name": "Intuitive Surgical Inc", "id": "ISRG" },
  { "name": "Starbucks Corp", "id": "SBUX" },
  { "name": "Charter Communications Inc", "id": "CHTR" },
  { "name": "Booking Holdings Inc", "id": "BKNG" },
  { "name": "Automatic Data Processing Inc", "id": "ADP" },
  { "name": "Micron Technology Inc", "id": "MU" },
  { "name": "Analog Devices Inc", "id": "ADI" },
  { "name": "Mondelez International Inc", "id": "MDLZ" },
  { "name": "CSX Corp", "id": "CSX" },
  { "name": "Lam Research Corp", "id": "LRCX" },
  { "name": "Gilead Sciences Inc", "id": "GILD" },
  { "name": "Regeneron Pharmaceuticals Inc", "id": "REGN" },
  { "name": "Moderna Inc", "id": "MRNA" },
  { "name": "Fiserv Inc", "id": "FISV" },
  { "name": "Vertex Pharmaceuticals Inc", "id": "VRTX" },
  { "name": "Airbnb Inc", "id": "ABNB" },
  { "name": "Marvell Technology Inc", "id": "MRVL" },
  { "name": "MercadoLibre Inc", "id": "MELI" },
  { "name": "Activision Blizzard Inc", "id": "ATVI" },
  { "name": "Palo Alto Networks Inc", "id": "PANW" },
  { "name": "ASML Holding NV", "id": "ASML" },
  { "name": "Marriott International Inc/MD", "id": "MAR" },
  { "name": "KLA Corp", "id": "KLAC" },
  { "name": "Illumina Inc", "id": "ILMN" },
  { "name": "Fortinet Inc", "id": "FTNT" },
  { "name": "Keurig Dr Pepper Inc", "id": "KDP" },
  { "name": "Synopsys Inc", "id": "SNPS" },
  { "name": "NXP Semiconductors NV", "id": "NXPI" },
  { "name": "Dexcom Inc", "id": "DXCM" },
  { "name": "American Electric Power Co Inc", "id": "AEP" },
  { "name": "Autodesk Inc", "id": "ADSK" },
  { "name": "Cognizant Technology Solutions Corp", "id": "CTSH" },
  { "name": "Workday Inc", "id": "WDAY" },
  { "name": "Kraft Heinz Co/The", "id": "KHC" },
  { "name": "Paychex Inc", "id": "PAYX" },
  { "name": "O'Reilly Automotive Inc", "id": "ORLY" },
  { "name": "IDEXX Laboratories Inc", "id": "IDXX" },
  { "name": "Crowdstrike Holdings Inc", "id": "CRWD" },
  { "name": "Exelon Corp", "id": "EXC" },
  { "name": "Cadence Design Systems Inc", "id": "CDNS" },
  { "name": "Lucid Group Inc", "id": "LCID" },
  { "name": "Cintas Corp", "id": "CTAS" },
  { "name": "Microchip Technology Inc", "id": "MCHP" },
  { "name": "Atlassian Corp PLC", "id": "TEAM" },
  { "name": "Monster Beverage Corp", "id": "MNST" },
  { "name": "Lululemon Athletica Inc", "id": "LULU" },
  { "name": "Walgreens Boots Alliance Inc", "id": "WBA" },
  { "name": "Datadog Inc", "id": "DDOG" },
  { "name": "Xcel Energy Inc", "id": "XEL" },
  { "name": "AstraZeneca PLC ADR", "id": "AZN" },
  { "name": "JD.com Inc ADR", "id": "JD" },
  { "name": "Old Dominion Freight Line Inc", "id": "ODFL" },
  { "name": "Electronic Arts Inc", "id": "EA" },
  { "name": "Baidu Inc ADR", "id": "BIDU" },
  { "name": "Align Technology Inc", "id": "ALGN" },
  { "name": "Dollar Tree Inc", "id": "DLTR" },
  { "name": "eBay Inc", "id": "EBAY" },
  { "name": "Verisk Analytics Inc", "id": "VRSK" },
  { "name": "Zscaler Inc", "id": "ZS" },
  { "name": "Fastenal Co", "id": "FAST" },
  { "name": "Ross Stores Inc", "id": "ROST" },
  { "name": "Match Group Inc", "id": "MTCH" },
  { "name": "PACCAR Inc", "id": "PCAR" },
  { "name": "Biogen Inc", "id": "BIIB" },
  { "name": "Copart Inc", "id": "CPRT" },
  { "name": "Zoom Video Communications Inc", "id": "ZM" },
  { "name": "ANSYS Inc", "id": "ANSS" },
  { "name": "Seagen Inc", "id": "SGEN" },
  { "name": "Sirius XM Holdings Inc", "id": "SIRI" },
  { "name": "VeriSign Inc", "id": "VRSN" },
  { "name": "Okta Inc", "id": "OKTA" },
  { "name": "Skyworks Solutions Inc", "id": "SWKS" },
  { "name": "Splunk Inc", "id": "SPLK" },
  { "name": "DocuSign Inc", "id": "DOCU" },
  { "name": "NetEase Inc ADR", "id": "NTES" },
  { "name": "Pinduoduo Inc ADR", "id": "PDD" },
  { "name": "Constellation Energy Corp", "id": "CEG" }
]
